dataset,num_images,serial_time,parallel_time,thread_time,parallel_speedup,thread_speedup,serial_throughput(img/s),parallel_throughput(img/s),thread_throughput(img/s),parallel_consistency,thread_consistency
1000,1000,112.37050080299377,19.679442405700684,32.76994729042053,5.710044953836833,3.4290717591676585,8.899132715917895,50.814447858051246,30.515764677239037,True,True
2000,3000,327.2844398021698,46.964051485061646,105.11625862121582,6.968828911753336,3.1135472675214997,9.166338619133187,63.87864558393651,28.539828560778933,True,True
3000,3000,221.46263360977173,44.336472272872925,83.18034958839417,4.995044085753134,2.662439322576153,13.546303279704288,67.66438208110519,36.066210527427,True,True
