dataset,num_images,serial_time,parallel_time,speedup,serial_throughput(img/s),parallel_throughput(img/s),consistency_check
1000,1000,72.8429102897644,16.084152698516846,4.528862144941051,13.728171980252634,62.17299840060659,True
2000,3000,226.30770921707153,39.62491226196289,5.7112482097357455,13.256287248802636,75.70994681746684,True
3000,3000,216.17673873901367,42.969295501708984,5.030958413791444,13.877533806363166,69.81729546579797,True
