dataset,num_images,serial_time,parallel_time,speedup,serial_throughput(img/s),parallel_throughput(img/s),consistency_check
10,13,2.1947052478790283,1.6025187969207764,1.3695347924131263,5.923346660132722,8.112229338575853,True
50,51,4.4242119789123535,3.0060644149780273,1.4717622007260587,11.527476586358734,16.965704309557445,True
100,100,8.662822723388672,3.864809513092041,2.241461757440661,11.543581485283193,25.874496443162343,True
500,500,44.503963470458984,11.662792921066284,3.815892451461803,11.234954395284186,42.87137766948253,True
