dataset,serial_time,parallel_time,speedup
10,2.7235803604125977,1.9382739067077637,1.4051576255487588
50,5.857271671295166,3.3658323287963867,1.7402149302516539
100,11.576349973678589,6.966900587081909,1.661621237303653
500,51.8741352558136,9.363214015960693,5.540206083871208
